district,Year,Season,rainfall,temperature,humidity,ph,organic_carbon,sand,clay,silt,soil_texture
Ajmer,2021.0,Kharif,622.8383862841084,28.41057433064459,61.460145226214294,7.483101302382153,0.7415093976612266,32.89577793930147,23.189653688001226,43.9144725913661,Loam
Ajmer,2021.0,Rabi,16.21992073314897,19.828655051261926,41.91657779152971,7.483101302382153,0.7415093976612266,32.89577793930147,23.189653688001226,43.9144725913661,Loam
Ajmer,2021.0,Zaid,36.91986051542044,30.32813144360795,25.71759197116301,7.483101302382153,0.7415093976612266,32.89577793930147,23.189653688001226,43.9144725913661,Loam
Ajmer,2022.0,Kharif,768.8923053484302,27.604695973201824,64.54013826398445,7.483101302382153,0.7415093976612266,32.89577793930147,23.189653688001226,43.9144725913661,Loam
Ajmer,2022.0,Rabi,15.952679688381046,19.485527676715197,42.97944310165288,7.483101302382153,0.7415093976612266,32.89577793930147,23.189653688001226,43.9144725913661,Loam
Ajmer,2022.0,Zaid,11.064001558379568,33.60721004615709,17.909599565218265,7.483101302382153,0.7415093976612266,32.89577793930147,23.189653688001226,43.9144725913661,Loam
Ajmer,2023.0,Kharif,633.7778330267449,28.104854718648916,62.29928254540628,7.483101302382153,0.7415093976612266,32.89577793930147,23.189653688001226,43.9144725913661,Loam
Ajmer,2023.0,Rabi,25.219598068232983,19.52084134272781,46.26333500164405,7.483101302382153,0.7415093976612266,32.89577793930147,23.189653688001226,43.9144725913661,Loam
Ajmer,2023.0,Zaid,61.273415848623024,29.424439854511483,29.099728424396282,7.483101302382153,0.7415093976612266,32.89577793930147,23.189653688001226,43.9144725913661,Loam
Ajmer,2024.0,Kharif,925.9897432847321,28.50986757672306,66.74634036388817,7.483101302382153,0.7415093976612266,32.89577793930147,23.189653688001226,43.9144725913661,Loam
Ajmer,2024.0,Rabi,5.131158582213469,19.12835909846905,46.25154806795153,7.483101302382153,0.7415093976612266,32.89577793930147,23.189653688001226,43.9144725913661,Loam
Ajmer,2024.0,Zaid,12.586748629274934,32.172471743455766,21.37938105720152,7.483101302382153,0.7415093976612266,32.89577793930147,23.189653688001226,43.9144725913661,Loam
Ajmer,2025.0,Kharif,983.21421451299,26.974487070755664,70.04938428387389,7.483101302382153,0.7415093976612266,32.89577793930147,23.189653688001226,43.9144725913661,Loam
Ajmer,2025.0,Rabi,15.404710717304374,19.636900112539124,44.045426766978,7.483101302382153,0.7415093976612266,32.89577793930147,23.189653688001226,43.9144725913661,Loam
Ajmer,2025.0,Zaid,33.00909335319115,32.04899006269972,26.82370605732914,7.483101302382153,0.7415093976612266,32.89577793930147,23.189653688001226,43.9144725913661,Loam
Alwar,2021.0,Kharif,817.8451306379706,28.6992663170659,64.87061235743633,7.431135494000176,1.0529518117267935,45.67522844606345,24.9666334725782,29.35815412015693,Loam
Alwar,2021.0,Rabi,36.79653220971655,18.523218519802423,53.91028848393229,7.431135494000176,1.0529518117267935,45.67522844606345,24.9666334725782,29.35815412015693,Loam
Alwar,2021.0,Zaid,44.29133976616706,29.201898453394875,31.84500340743006,7.431135494000176,1.0529518117267935,45.67522844606345,24.9666334725782,29.35815412015693,Loam
Alwar,2022.0,Kharif,705.9280111462095,28.327301837323667,65.21476080902195,7.431135494000176,1.0529518117267935,45.67522844606345,24.9666334725782,29.35815412015693,Loam
Alwar,2022.0,Rabi,42.129609967074146,18.144900146658493,54.888034858269386,7.431135494000176,1.0529518117267935,45.67522844606345,24.9666334725782,29.35815412015693,Loam
Alwar,2022.0,Zaid,22.531683819237042,33.01667463246699,21.414563425251796,7.431135494000176,1.0529518117267935,45.67522844606345,24.9666334725782,29.35815412015693,Loam
Alwar,2023.0,Kharif,568.2413857550129,28.53074939107055,63.874428374789446,7.431135494000176,1.0529518117267935,45.67522844606345,24.9666334725782,29.35815412015693,Loam
Alwar,2023.0,Rabi,49.14836371328695,18.5116067396387,56.95665039956695,7.431135494000176,1.0529518117267935,45.67522844606345,24.9666334725782,29.35815412015693,Loam
Alwar,2023.0,Zaid,70.81422630687747,28.343295800355907,34.556137917542316,7.431135494000176,1.0529518117267935,45.67522844606345,24.9666334725782,29.35815412015693,Loam
Alwar,2024.0,Kharif,1066.0912714292297,29.034308670762776,67.48481239538616,7.431135494000176,1.0529518117267935,45.67522844606345,24.9666334725782,29.35815412015693,Loam
Alwar,2024.0,Rabi,32.742180077095206,17.773418449613054,57.04592558944082,7.431135494000176,1.0529518117267935,45.67522844606345,24.9666334725782,29.35815412015693,Loam
Alwar,2024.0,Zaid,12.800141622802435,31.55982584070405,24.13830235643953,7.431135494000176,1.0529518117267935,45.67522844606345,24.9666334725782,29.35815412015693,Loam
Alwar,2025.0,Kharif,974.2817926577503,27.4817466391819,72.54180894047339,7.431135494000176,1.0529518117267935,45.67522844606345,24.9666334725782,29.35815412015693,Loam
Alwar,2025.0,Rabi,25.22788706548113,18.123605733135484,55.28936505626545,7.431135494000176,1.0529518117267935,45.67522844606345,24.9666334725782,29.35815412015693,Loam
Alwar,2025.0,Zaid,32.16936209501564,30.94025082917051,33.59037071296648,7.431135494000176,1.0529518117267935,45.67522844606345,24.9666334725782,29.35815412015693,Loam
Banswara,2021.0,Kharif,1071.6514002713352,26.852791551231185,76.11276718933081,7.279456939407893,0.998926055083475,36.036171122442354,27.306582231712007,36.657470083764224,Clay Loam
Banswara,2021.0,Rabi,6.995032896933111,22.626008204208613,45.213498238674866,7.279456939407893,0.998926055083475,36.036171122442354,27.306582231712007,36.657470083764224,Clay Loam
Banswara,2021.0,Zaid,7.2910434895455865,30.737335920029118,33.92387139847786,7.279456939407893,0.998926055083475,36.036171122442354,27.306582231712007,36.657470083764224,Clay Loam
Banswara,2022.0,Kharif,1242.9673537425556,27.162073758103862,70.97234970584513,7.279456939407893,0.998926055083475,36.036171122442354,27.306582231712007,36.657470083764224,Clay Loam
Banswara,2022.0,Rabi,1.956824700177325,22.45516077935572,43.566929154737714,7.279456939407893,0.998926055083475,36.036171122442354,27.306582231712007,36.657470083764224,Clay Loam
Banswara,2022.0,Zaid,0.1178148004842556,32.46482323699334,29.27257785271974,7.279456939407893,0.998926055083475,36.036171122442354,27.306582231712007,36.657470083764224,Clay Loam
Banswara,2023.0,Kharif,1171.6322587218012,27.25431891453207,72.48476065006133,7.279456939407893,0.998926055083475,36.036171122442354,27.306582231712007,36.657470083764224,Clay Loam
Banswara,2023.0,Rabi,19.959685117663625,22.321734170925843,47.56845004620021,7.279456939407893,0.998926055083475,36.036171122442354,27.306582231712007,36.657470083764224,Clay Loam
Banswara,2023.0,Zaid,24.360163881174,30.491561675938648,34.774934965682746,7.279456939407893,0.998926055083475,36.036171122442354,27.306582231712007,36.657470083764224,Clay Loam
Banswara,2024.0,Kharif,1158.2068956839107,27.469715449819915,76.28807360045286,7.279456939407893,0.998926055083475,36.036171122442354,27.306582231712007,36.657470083764224,Clay Loam
Banswara,2024.0,Rabi,2.877573231000982,22.429430456379926,45.909937258428315,7.279456939407893,0.998926055083475,36.036171122442354,27.306582231712007,36.657470083764224,Clay Loam
Banswara,2024.0,Zaid,1.1862528041120346,31.815529788266637,33.448407427610334,7.279456939407893,0.998926055083475,36.036171122442354,27.306582231712007,36.657470083764224,Clay Loam
Banswara,2025.0,Kharif,1209.673671947477,26.645583625688083,76.4517342329152,7.279456939407893,0.998926055083475,36.036171122442354,27.306582231712007,36.657470083764224,Clay Loam
Banswara,2025.0,Rabi,6.353074783236058,22.578480386501482,43.317479412432505,7.279456939407893,0.998926055083475,36.036171122442354,27.306582231712007,36.657470083764224,Clay Loam
Banswara,2025.0,Zaid,45.368891566053506,31.336587667769855,40.27222016165517,7.279456939407893,0.998926055083475,36.036171122442354,27.306582231712007,36.657470083764224,Clay Loam
Baran,2021.0,Kharif,1125.6311107541735,28.102857166325965,68.62737484404822,7.310498511980818,0.787739078833932,41.22755819494017,27.57705055574565,31.195185078293044,Clay Loam
Baran,2021.0,Rabi,26.67561025913276,20.66767293940206,47.51138491434415,7.310498511980818,0.787739078833932,41.22755819494017,27.57705055574565,31.195185078293044,Clay Loam
Baran,2021.0,Zaid,24.90131508235288,31.196338900854304,27.369980873068684,7.310498511980818,0.787739078833932,41.22755819494017,27.57705055574565,31.195185078293044,Clay Loam
Baran,2022.0,Kharif,1151.6789104467844,27.499553261815173,70.34046628960124,7.310498511980818,0.787739078833932,41.22755819494017,27.57705055574565,31.195185078293044,Clay Loam
Baran,2022.0,Rabi,18.18557587256687,19.811795536935932,51.74646396082983,7.310498511980818,0.787739078833932,41.22755819494017,27.57705055574565,31.195185078293044,Clay Loam
Baran,2022.0,Zaid,6.118399632843601,32.66077276452155,25.21097621607226,7.310498511980818,0.787739078833932,41.22755819494017,27.57705055574565,31.195185078293044,Clay Loam
Baran,2023.0,Kharif,686.3782490693151,27.967716789356665,67.62902744105155,7.310498511980818,0.787739078833932,41.22755819494017,27.57705055574565,31.195185078293044,Clay Loam
Baran,2023.0,Rabi,42.369675340805806,20.39468050050677,53.60462935394237,7.310498511980818,0.787739078833932,41.22755819494017,27.57705055574565,31.195185078293044,Clay Loam
Baran,2023.0,Zaid,25.490668581821364,30.393986984956143,29.399454817345244,7.310498511980818,0.787739078833932,41.22755819494017,27.57705055574565,31.195185078293044,Clay Loam
Baran,2024.0,Kharif,1222.5629953340622,28.285659880406474,71.5054527068163,7.310498511980818,0.787739078833932,41.22755819494017,27.57705055574565,31.195185078293044,Clay Loam
Baran,2024.0,Rabi,20.72460469017376,20.30801088110615,51.54012654202912,7.310498511980818,0.787739078833932,41.22755819494017,27.57705055574565,31.195185078293044,Clay Loam
Baran,2024.0,Zaid,3.0098712653464643,32.63618947172588,25.14833674789827,7.310498511980818,0.787739078833932,41.22755819494017,27.57705055574565,31.195185078293044,Clay Loam
Baran,2025.0,Kharif,1356.5705731766877,27.139298431373305,73.58818536925826,7.310498511980818,0.787739078833932,41.22755819494017,27.57705055574565,31.195185078293044,Clay Loam
Baran,2025.0,Rabi,19.903141741754034,20.41163880216552,49.538828442987246,7.310498511980818,0.787739078833932,41.22755819494017,27.57705055574565,31.195185078293044,Clay Loam
Baran,2025.0,Zaid,17.656449918498577,32.117110942170726,31.526897916830734,7.310498511980818,0.787739078833932,41.22755819494017,27.57705055574565,31.195185078293044,Clay Loam
Barmer,2021.0,Kharif,299.63695909951576,30.548010057052927,55.29534780647673,7.865942379493807,0.5208200033804808,51.100383491805815,23.530804202945724,25.36878991690401,Loam
Barmer,2021.0,Rabi,5.977620931240397,21.917960621943386,32.62028841161321,7.865942379493807,0.5208200033804808,51.100383491805815,23.530804202945724,25.36878991690401,Loam
Barmer,2021.0,Zaid,15.42533997025205,32.08222418820691,27.273046877859663,7.865942379493807,0.5208200033804808,51.100383491805815,23.530804202945724,25.36878991690401,Loam
Barmer,2022.0,Kharif,644.0091037843695,29.619722366389823,59.757364822748585,7.865942379493807,0.5208200033804808,51.100383491805815,23.530804202945724,25.36878991690401,Loam
Barmer,2022.0,Rabi,3.0568126824569486,21.87392964399428,33.916134666162506,7.865942379493807,0.5208200033804808,51.100383491805815,23.530804202945724,25.36878991690401,Loam
Barmer,2022.0,Zaid,1.2204026148401557,33.79942473854422,24.5420379426051,7.865942379493807,0.5208200033804808,51.100383491805815,23.530804202945724,25.36878991690401,Loam
Barmer,2023.0,Kharif,355.2335560870853,30.042082759631473,58.399287365241904,7.865942379493807,0.5208200033804808,51.100383491805815,23.530804202945724,25.36878991690401,Loam
Barmer,2023.0,Rabi,11.003232120192832,21.859584010522674,36.114285218797264,7.865942379493807,0.5208200033804808,51.100383491805815,23.530804202945724,25.36878991690401,Loam
Barmer,2023.0,Zaid,25.527670506871164,31.36571624517679,29.067749033773207,7.865942379493807,0.5208200033804808,51.100383491805815,23.530804202945724,25.36878991690401,Loam
Barmer,2024.0,Kharif,567.6548894505082,30.98572296795199,58.775230896114635,7.865942379493807,0.5208200033804808,51.100383491805815,23.530804202945724,25.36878991690401,Loam
Barmer,2024.0,Rabi,2.812691953052812,21.473980758050224,36.475877009109816,7.865942379493807,0.5208200033804808,51.100383491805815,23.530804202945724,25.36878991690401,Loam
Barmer,2024.0,Zaid,8.756507487514385,33.480605219810215,23.85626196115595,7.865942379493807,0.5208200033804808,51.100383491805815,23.530804202945724,25.36878991690401,Loam
Barmer,2025.0,Kharif,435.8313263662102,29.412346134020673,60.99349603104467,7.865942379493807,0.5208200033804808,51.100383491805815,23.530804202945724,25.36878991690401,Loam
Barmer,2025.0,Rabi,7.7293981747839124,22.283101174331737,31.80686650805588,7.865942379493807,0.5208200033804808,51.100383491805815,23.530804202945724,25.36878991690401,Loam
Barmer,2025.0,Zaid,26.689501340857603,33.70715233125482,27.000282611011592,7.865942379493807,0.5208200033804808,51.100383491805815,23.530804202945724,25.36878991690401,Loam
Bharatpur,2021.0,Kharif,821.6778682654079,29.146077286689128,66.7019435404403,7.735500321128259,0.8720525911950796,44.87451725968808,27.175172041928484,27.9501141011255,Clay Loam
Bharatpur,2021.0,Rabi,34.22774049551491,18.721212789544843,58.496372250176464,7.735500321128259,0.8720525911950796,44.87451725968808,27.175172041928484,27.9501141011255,Clay Loam
Bharatpur,2021.0,Zaid,35.69679269049616,29.608365838381935,33.45492934662286,7.735500321128259,0.8720525911950796,44.87451725968808,27.175172041928484,27.9501141011255,Clay Loam
Bharatpur,2022.0,Kharif,667.7665418732817,28.919001218954566,66.14161121940742,7.735500321128259,0.8720525911950796,44.87451725968808,27.175172041928484,27.9501141011255,Clay Loam
Bharatpur,2022.0,Rabi,31.311830176699452,18.33160600633261,58.612802624700365,7.735500321128259,0.8720525911950796,44.87451725968808,27.175172041928484,27.9501141011255,Clay Loam
Bharatpur,2022.0,Zaid,12.975945885274289,32.84236505086439,25.58667003239269,7.735500321128259,0.8720525911950796,44.87451725968808,27.175172041928484,27.9501141011255,Clay Loam
Bharatpur,2023.0,Kharif,580.8996669186124,28.82408302381146,66.31679457844943,7.735500321128259,0.8720525911950796,44.87451725968808,27.175172041928484,27.9501141011255,Clay Loam
Bharatpur,2023.0,Rabi,49.47311031749707,18.60969322457671,62.529087545510755,7.735500321128259,0.8720525911950796,44.87451725968808,27.175172041928484,27.9501141011255,Clay Loam
Bharatpur,2023.0,Zaid,52.121186921667245,28.90850254110309,35.626061667859304,7.735500321128259,0.8720525911950796,44.87451725968808,27.175172041928484,27.9501141011255,Clay Loam
Bharatpur,2024.0,Kharif,1053.7449058029072,29.540440156705774,68.18484917528676,7.735500321128259,0.8720525911950796,44.87451725968808,27.175172041928484,27.9501141011255,Clay Loam
Bharatpur,2024.0,Rabi,29.62521988735613,18.065503868975156,60.54440467954894,7.735500321128259,0.8720525911950796,44.87451725968808,27.175172041928484,27.9501141011255,Clay Loam
Bharatpur,2024.0,Zaid,9.523604869053576,31.82147897864676,26.046413014323747,7.735500321128259,0.8720525911950796,44.87451725968808,27.175172041928484,27.9501141011255,Clay Loam
Bharatpur,2025.0,Kharif,982.3192703370388,28.050266741266768,73.38553127035183,7.735500321128259,0.8720525911950796,44.87451725968808,27.175172041928484,27.9501141011255,Clay Loam
Bharatpur,2025.0,Rabi,24.261372670070084,18.33790983091165,59.64192649736202,7.735500321128259,0.8720525911950796,44.87451725968808,27.175172041928484,27.9501141011255,Clay Loam
Bharatpur,2025.0,Zaid,24.46954157046372,31.235689747060004,36.03200784242788,7.735500321128259,0.8720525911950796,44.87451725968808,27.175172041928484,27.9501141011255,Clay Loam
Bhilwara,2021.0,Kharif,816.7494268203395,27.597830257761984,66.54224703345382,7.394414449709638,0.7807999519924316,35.24014643085083,27.321630816527723,37.43825725794166,Clay Loam
Bhilwara,2021.0,Rabi,13.386448272268245,19.84729910382793,45.621650184327315,7.394414449709638,0.7807999519924316,35.24014643085083,27.321630816527723,37.43825725794166,Clay Loam
Bhilwara,2021.0,Zaid,41.19068103253846,30.535098952757583,25.64355648597459,7.394414449709638,0.7807999519924316,35.24014643085083,27.321630816527723,37.43825725794166,Clay Loam
Bhilwara,2022.0,Kharif,936.2454321410294,27.299406720011053,65.55176455084515,7.394414449709638,0.7807999519924316,35.24014643085083,27.321630816527723,37.43825725794166,Clay Loam
Bhilwara,2022.0,Rabi,8.873210069973345,19.55338945098522,45.18736676114602,7.394414449709638,0.7807999519924316,35.24014643085083,27.321630816527723,37.43825725794166,Clay Loam
Bhilwara,2022.0,Zaid,3.268824135737502,33.34215444893373,19.1546861495058,7.394414449709638,0.7807999519924316,35.24014643085083,27.321630816527723,37.43825725794166,Clay Loam
Bhilwara,2023.0,Kharif,715.6402725203681,27.586102106188616,65.02788338102917,7.394414449709638,0.7807999519924316,35.24014643085083,27.321630816527723,37.43825725794166,Clay Loam
Bhilwara,2023.0,Rabi,26.141931003511576,19.726925194887304,48.01849122418126,7.394414449709638,0.7807999519924316,35.24014643085083,27.321630816527723,37.43825725794166,Clay Loam
Bhilwara,2023.0,Zaid,39.00516412655513,29.544563403401664,29.244091670411407,7.394414449709638,0.7807999519924316,35.24014643085083,27.321630816527723,37.43825725794166,Clay Loam
Bhilwara,2024.0,Kharif,1092.931853725332,27.996118867480853,69.27043459795941,7.394414449709638,0.7807999519924316,35.24014643085083,27.321630816527723,37.43825725794166,Clay Loam
Bhilwara,2024.0,Rabi,3.7968074388317437,19.448753649480384,47.38459098607749,7.394414449709638,0.7807999519924316,35.24014643085083,27.321630816527723,37.43825725794166,Clay Loam
Bhilwara,2024.0,Zaid,5.413848547174241,32.48359078870858,21.417349332153425,7.394414449709638,0.7807999519924316,35.24014643085083,27.321630816527723,37.43825725794166,Clay Loam
Bhilwara,2025.0,Kharif,1135.1238100999237,26.69271850969518,71.12956546094355,7.394414449709638,0.7807999519924316,35.24014643085083,27.321630816527723,37.43825725794166,Clay Loam
Bhilwara,2025.0,Rabi,12.98622127470817,19.852695853839325,45.33562657216888,7.394414449709638,0.7807999519924316,35.24014643085083,27.321630816527723,37.43825725794166,Clay Loam
Bhilwara,2025.0,Zaid,37.54260721074313,31.60225976638656,29.573554508129675,7.394414449709638,0.7807999519924316,35.24014643085083,27.321630816527723,37.43825725794166,Clay Loam
Bikaner,2021.0,Kharif,234.17255162741964,31.96665182366463,48.12191207249795,8.03242181095953,0.5236890079298842,51.19230505500413,24.099762137057745,24.70795061253445,Loam
Bikaner,2021.0,Rabi,6.127815253600014,19.739707874949296,41.05029924778238,8.03242181095953,0.5236890079298842,51.19230505500413,24.099762137057745,24.70795061253445,Loam
Bikaner,2021.0,Zaid,30.238217162375243,31.719924227276515,22.861152109723825,8.03242181095953,0.5236890079298842,51.19230505500413,24.099762137057745,24.70795061253445,Loam
Bikaner,2022.0,Kharif,438.34875324947586,30.85656392117154,51.28510842592815,8.03242181095953,0.5236890079298842,51.19230505500413,24.099762137057745,24.70795061253445,Loam
Bikaner,2022.0,Rabi,10.261256667370029,19.703860246369377,43.78648361424248,8.03242181095953,0.5236890079298842,51.19230505500413,24.099762137057745,24.70795061253445,Loam
Bikaner,2022.0,Zaid,6.571031751541652,34.617928123574586,15.853618890602025,8.03242181095953,0.5236890079298842,51.19230505500413,24.099762137057745,24.70795061253445,Loam
Bikaner,2023.0,Kharif,356.3416477797319,31.729078363894587,48.31477955281483,8.03242181095953,0.5236890079298842,51.19230505500413,24.099762137057745,24.70795061253445,Loam
Bikaner,2023.0,Rabi,11.733231306358393,19.666612029373557,44.71673832682727,8.03242181095953,0.5236890079298842,51.19230505500413,24.099762137057745,24.70795061253445,Loam
Bikaner,2023.0,Zaid,73.44704289057735,30.47612145913342,27.674575989192576,8.03242181095953,0.5236890079298842,51.19230505500413,24.099762137057745,24.70795061253445,Loam
Bikaner,2024.0,Kharif,435.77746788416266,32.553038801416356,49.70786596493755,8.03242181095953,0.5236890079298842,51.19230505500413,24.099762137057745,24.70795061253445,Loam
Bikaner,2024.0,Rabi,10.76530281429485,19.14515581296191,46.18421171493276,8.03242181095953,0.5236890079298842,51.19230505500413,24.099762137057745,24.70795061253445,Loam
Bikaner,2024.0,Zaid,18.238018873180025,33.14514716864115,19.36245213840578,8.03242181095953,0.5236890079298842,51.19230505500413,24.099762137057745,24.70795061253445,Loam
Bikaner,2025.0,Kharif,416.51591824834765,30.80600984294399,53.2040719722217,8.03242181095953,0.5236890079298842,51.19230505500413,24.099762137057745,24.70795061253445,Loam
Bikaner,2025.0,Rabi,11.634256599488575,19.94358082600143,37.37088731474629,8.03242181095953,0.5236890079298842,51.19230505500413,24.099762137057745,24.70795061253445,Loam
Bikaner,2025.0,Zaid,15.980515171061755,34.16965650254282,20.91184011681067,8.03242181095953,0.5236890079298842,51.19230505500413,24.099762137057745,24.70795061253445,Loam
Bundi,2021.0,Kharif,1010.9192861054072,28.595949857863495,66.09463564488337,7.345372898579913,0.8640630543862734,42.28414376430791,27.18739714901769,30.52879617131715,Clay Loam
Bundi,2021.0,Rabi,14.64052740625278,20.36085294270722,48.88764655580796,7.345372898579913,0.8640630543862734,42.28414376430791,27.18739714901769,30.52879617131715,Clay Loam
Bundi,2021.0,Zaid,27.018853524069986,31.416501934209773,25.82163915614801,7.345372898579913,0.8640630543862735,42.28414376430791,27.18739714901769,30.52879617131715,Clay Loam
Bundi,2022.0,Kharif,942.0248145954599,28.040297369564865,67.41012333236213,7.345372898579913,0.8640630543862734,42.28414376430791,27.18739714901769,30.52879617131715,Clay Loam
Bundi,2022.0,Rabi,11.466177176393236,19.6723120402128,50.90309242975845,7.345372898579913,0.8640630543862734,42.28414376430791,27.18739714901769,30.52879617131715,Clay Loam
Bundi,2022.0,Zaid,7.246629332438627,33.95462802837373,19.70159033289958,7.345372898579913,0.8640630543862735,42.28414376430791,27.18739714901769,30.52879617131715,Clay Loam
Bundi,2023.0,Kharif,613.3170504515163,28.610407694174505,63.983254051206515,7.345372898579913,0.8640630543862734,42.28414376430791,27.18739714901769,30.52879617131715,Clay Loam
Bundi,2023.0,Rabi,30.32524375125898,19.985656039627298,54.38618276837847,7.345372898579913,0.8640630543862734,42.28414376430791,27.18739714901769,30.52879617131715,Clay Loam
Bundi,2023.0,Zaid,34.86308736680621,30.3728116697204,29.299076284384675,7.345372898579913,0.8640630543862735,42.28414376430791,27.18739714901769,30.52879617131715,Clay Loam
Bundi,2024.0,Kharif,1120.159824637026,28.892971150137612,68.86254028079114,7.345372898579913,0.8640630543862734,42.28414376430791,27.18739714901769,30.52879617131715,Clay Loam
Bundi,2024.0,Rabi,7.661957540030997,19.860954727091958,51.576944451201676,7.345372898579913,0.8640630543862734,42.28414376430791,27.18739714901769,30.52879617131715,Clay Loam
Bundi,2024.0,Zaid,3.495578278052987,33.331505048253696,21.579672185470915,7.345372898579913,0.8640630543862735,42.28414376430791,27.18739714901769,30.52879617131715,Clay Loam
Bundi,2025.0,Kharif,1296.518980621402,27.621688840579914,70.80406167235287,7.345372898579913,0.8640630543862734,42.28414376430791,27.18739714901769,30.52879617131715,Clay Loam
Bundi,2025.0,Rabi,15.07495113573431,20.140865336919667,50.577965432836564,7.345372898579913,0.8640630543862734,42.28414376430791,27.18739714901769,30.52879617131715,Clay Loam
Bundi,2025.0,Zaid,23.638148045261758,32.62787655006605,28.692380479924132,7.345372898579913,0.8640630543862735,42.28414376430791,27.18739714901769,30.52879617131715,Clay Loam
Chittorgarh,2021.0,Kharif,1018.4210176451847,26.643199068930556,72.84419682308855,7.311872884947514,0.8865564126708907,33.46105777762949,35.197051820377986,31.341929188327544,Clay Loam
Chittorgarh,2021.0,Rabi,14.485758957678868,20.352204874290845,48.263728226508775,7.311872884947514,0.8865564126708907,33.46105777762949,35.197051820377986,31.341929188327544,Clay Loam
Chittorgarh,2021.0,Zaid,29.547377344608776,30.249501305778608,28.975035623469445,7.311872884947514,0.8865564126708907,33.46105777762949,35.197051820377986,31.341929188327544,Clay Loam
Chittorgarh,2022.0,Kharif,1167.3173501729077,26.894047345021352,67.88906406500283,7.311872884947514,0.8865564126708907,33.46105777762949,35.197051820377986,31.341929188327544,Clay Loam
Chittorgarh,2022.0,Rabi,7.541550695060884,20.21537063162837,46.40879197594887,7.311872884947514,0.8865564126708907,33.46105777762949,35.197051820377986,31.341929188327544,Clay Loam
Chittorgarh,2022.0,Zaid,1.2133440779183873,32.60066432952308,23.054542237357303,7.311872884947514,0.8865564126708907,33.46105777762949,35.197051820377986,31.341929188327544,Clay Loam
Chittorgarh,2023.0,Kharif,935.5513049964796,26.89199283961231,69.68855718380871,7.311872884947514,0.8865564126708907,33.46105777762949,35.197051820377986,31.341929188327544,Clay Loam
Chittorgarh,2023.0,Rabi,35.52192533095025,20.196205804164016,50.71857714380524,7.311872884947514,0.8865564126708907,33.46105777762949,35.197051820377986,31.341929188327544,Clay Loam
Chittorgarh,2023.0,Zaid,29.386945221605103,29.530113536777897,31.395492169463235,7.311872884947514,0.8865564126708907,33.46105777762949,35.197051820377986,31.341929188327544,Clay Loam
Chittorgarh,2024.0,Kharif,1110.8123922078537,27.291381085676107,73.0189015570415,7.311872884947514,0.8865564126708907,33.46105777762949,35.197051820377986,31.341929188327544,Clay Loam
Chittorgarh,2024.0,Rabi,3.61290606687247,20.306443039341236,48.214629909963335,7.311872884947514,0.8865564126708907,33.46105777762949,35.197051820377986,31.341929188327544,Clay Loam
Chittorgarh,2024.0,Zaid,5.986248140389948,32.0229451228204,25.58471786118094,7.311872884947514,0.8865564126708907,33.46105777762949,35.197051820377986,31.341929188327544,Clay Loam
Chittorgarh,2025.0,Kharif,1284.316452667601,26.233953092270504,74.02508457883403,7.311872884947514,0.8865564126708907,33.46105777762949,35.197051820377986,31.341929188327544,Clay Loam
Chittorgarh,2025.0,Rabi,8.508894689375193,20.502382364216135,46.35502578672155,7.311872884947514,0.8865564126708907,33.46105777762949,35.197051820377986,31.341929188327544,Clay Loam
Chittorgarh,2025.0,Zaid,50.49862924047068,31.196346448394422,34.08346269822345,7.311872884947514,0.8865564126708907,33.46105777762949,35.197051820377986,31.341929188327544,Clay Loam
Churu,2021.0,Kharif,394.5284267580576,30.752776584722803,53.39056071644262,7.931710739193281,0.6130627937848321,54.65475317517449,23.52833295798096,21.81687519782054,Sandy Clay Loam
Churu,2021.0,Rabi,16.924180974007726,19.162385562873897,45.632509557676954,7.931710739193281,0.6130627937848321,54.65475317517449,23.52833295798096,21.81687519782054,Sandy Clay Loam
Churu,2021.0,Zaid,28.05816905345744,30.7025560903731,24.63616197582615,7.931710739193281,0.6130627937848321,54.65475317517449,23.52833295798096,21.81687519782054,Sandy Clay Loam
Churu,2022.0,Kharif,469.12346315755445,29.8561244313288,55.45457307892991,7.931710739193281,0.6130627937848321,54.65475317517449,23.52833295798096,21.81687519782054,Sandy Clay Loam
Churu,2022.0,Rabi,18.13532075667151,18.96757062223294,48.13157932036422,7.931710739193281,0.6130627937848321,54.65475317517449,23.52833295798096,21.81687519782054,Sandy Clay Loam
Churu,2022.0,Zaid,17.271939846888994,33.896811162439406,16.728420388098172,7.931710739193281,0.6130627937848321,54.65475317517449,23.52833295798096,21.81687519782054,Sandy Clay Loam
Churu,2023.0,Kharif,482.21406456136265,30.474230344812838,53.3815086705993,7.931710739193281,0.6130627937848321,54.65475317517449,23.52833295798096,21.81687519782054,Sandy Clay Loam
Churu,2023.0,Rabi,26.16674931218337,19.06094850925211,48.271257428789944,7.931710739193281,0.6130627937848321,54.65475317517449,23.52833295798096,21.81687519782054,Sandy Clay Loam
Churu,2023.0,Zaid,71.82645304962695,29.504652546146595,29.31938197996533,7.931710739193281,0.6130627937848321,54.65475317517449,23.52833295798096,21.81687519782054,Sandy Clay Loam
Churu,2024.0,Kharif,540.0770663370007,31.13832265884894,55.667081068146956,7.931710739193281,0.6130627937848321,54.65475317517449,23.52833295798096,21.81687519782054,Sandy Clay Loam
Churu,2024.0,Rabi,24.433740746350658,18.432473725801923,49.82102914224449,7.931710739193281,0.6130627937848321,54.65475317517449,23.52833295798096,21.81687519782054,Sandy Clay Loam
Churu,2024.0,Zaid,15.300071488026532,32.51076230410722,20.171005050574884,7.931710739193281,0.6130627937848321,54.65475317517449,23.52833295798096,21.81687519782054,Sandy Clay Loam
Churu,2025.0,Kharif,693.5686504304456,29.09370188570649,62.271639235021915,7.931710739193281,0.6130627937848321,54.65475317517449,23.52833295798096,21.81687519782054,Sandy Clay Loam
Churu,2025.0,Rabi,22.829476256785973,19.00905241766761,44.406662230147845,7.931710739193281,0.6130627937848321,54.65475317517449,23.52833295798096,21.81687519782054,Sandy Clay Loam
Churu,2025.0,Zaid,21.997195854884858,33.04710481079736,24.06188220960926,7.931710739193281,0.6130627937848321,54.65475317517449,23.52833295798096,21.81687519782054,Sandy Clay Loam
Dausa,2021.0,Kharif,805.9032090120245,28.612638336645063,65.84099084243437,7.448940458503631,0.9096372867471324,50.66067520192447,23.252341799843208,26.087000638364948,Loam
Dausa,2021.0,Rabi,27.342519564804945,18.780595072181434,54.127675096531945,7.448940458503631,0.9096372867471324,50.66067520192447,23.252341799843208,26.087000638364948,Loam
Dausa,2021.0,Zaid,26.642789883675622,29.515008468476964,31.505049518408967,7.448940458503631,0.9096372867471324,50.66067520192447,23.252341799843208,26.087000638364948,Loam
Dausa,2022.0,Kharif,766.9483628591089,28.189558825795096,66.76830980107756,7.448940458503631,0.9096372867471324,50.66067520192447,23.252341799843208,26.087000638364948,Loam
Dausa,2022.0,Rabi,31.492002496804204,18.42445941282718,54.09084449414295,7.448940458503631,0.9096372867471324,50.66067520192447,23.252341799843208,26.087000638364948,Loam
Dausa,2022.0,Zaid,11.404837542213953,32.85506101471094,22.129803865173983,7.448940458503631,0.9096372867471324,50.66067520192447,23.252341799843208,26.087000638364948,Loam
Dausa,2023.0,Kharif,560.3645353508737,28.552856518305227,63.99436740399807,7.448940458503631,0.9096372867471324,50.66067520192447,23.252341799843208,26.087000638364948,Loam
Dausa,2023.0,Rabi,43.23812351006653,18.7884915966013,57.56487759546458,7.448940458503631,0.9096372867471324,50.66067520192447,23.252341799843208,26.087000638364948,Loam
Dausa,2023.0,Zaid,49.09721031577099,28.913376024542565,33.13681004708895,7.448940458503631,0.9096372867471324,50.66067520192447,23.252341799843208,26.087000638364948,Loam
Dausa,2024.0,Kharif,1131.0722592043414,29.076071315498524,67.63977921564405,7.448940458503631,0.9096372867471324,50.66067520192447,23.252341799843208,26.087000638364948,Loam
Dausa,2024.0,Rabi,16.504750303567434,18.353466284496967,55.45043440666071,7.448940458503631,0.9096372867471324,50.66067520192447,23.252341799843208,26.087000638364948,Loam
Dausa,2024.0,Zaid,8.71167341194891,31.96270956820086,23.85157665952052,7.448940458503631,0.9096372867471324,50.66067520192447,23.252341799843208,26.087000638364948,Loam
Dausa,2025.0,Kharif,1015.1105605123792,27.44655253226702,72.82665293748741,7.448940458503631,0.9096372867471324,50.66067520192447,23.252341799843208,26.087000638364948,Loam
Dausa,2025.0,Rabi,20.18275947179606,18.502636109364985,55.90561396226046,7.448940458503631,0.9096372867471324,50.66067520192447,23.252341799843208,26.087000638364948,Loam
Dausa,2025.0,Zaid,15.925586797899948,31.284933513940338,32.751430054842146,7.448940458503631,0.9096372867471324,50.66067520192447,23.252341799843208,26.087000638364948,Loam
Dhaulpur,2021.0,Kharif,902.3879684749846,29.120770549418552,67.52013291908142,7.65528902278178,0.8302959001556367,43.90062774367972,26.544169653207053,29.555065959184624,Loam
Dhaulpur,2021.0,Rabi,27.479635582607383,19.184488863333286,57.72234317119794,7.65528902278178,0.8302959001556367,43.90062774367972,26.544169653207053,29.555065959184624,Loam
Dhaulpur,2021.0,Zaid,29.382136792144824,30.017434708275623,33.16103271754467,7.65528902278178,0.8302959001556367,43.90062774367972,26.54416965320705,29.555065959184624,Loam
Dhaulpur,2022.0,Kharif,730.8274176457842,28.779831832622488,68.01562259859034,7.65528902278178,0.8302959001556367,43.90062774367972,26.544169653207053,29.555065959184624,Loam
Dhaulpur,2022.0,Rabi,31.578072917174588,18.694131956573674,58.205007987668466,7.65528902278178,0.8302959001556367,43.90062774367972,26.544169653207053,29.555065959184624,Loam
Dhaulpur,2022.0,Zaid,9.82499457377499,33.35115488406608,24.13512319671687,7.65528902278178,0.8302959001556367,43.90062774367972,26.54416965320705,29.555065959184624,Loam
Dhaulpur,2023.0,Kharif,584.3396346107272,28.70713613492246,68.0497113685998,7.65528902278178,0.8302959001556367,43.90062774367972,26.544169653207053,29.555065959184624,Loam
Dhaulpur,2023.0,Rabi,46.369874586352715,18.831143114722636,64.33677224780256,7.65528902278178,0.8302959001556367,43.90062774367972,26.544169653207053,29.555065959184624,Loam
Dhaulpur,2023.0,Zaid,42.18384824582037,29.452811522042737,34.3058062673066,7.65528902278178,0.8302959001556367,43.90062774367972,26.54416965320705,29.555065959184624,Loam
Dhaulpur,2024.0,Kharif,1061.0034405731483,29.397381228885212,69.67280225846687,7.65528902278178,0.8302959001556367,43.90062774367972,26.544169653207053,29.555065959184624,Loam
Dhaulpur,2024.0,Rabi,30.90299194321438,18.42484416879493,61.16687170766981,7.65528902278178,0.8302959001556367,43.90062774367972,26.544169653207053,29.555065959184624,Loam
Dhaulpur,2024.0,Zaid,7.07784598277955,31.966470456078355,27.077216905149903,7.65528902278178,0.8302959001556367,43.90062774367972,26.54416965320705,29.555065959184624,Loam
Dhaulpur,2025.0,Kharif,1124.2835033003057,28.031898597280737,74.07897827305557,7.65528902278178,0.8302959001556367,43.90062774367972,26.544169653207053,29.555065959184624,Loam
Dhaulpur,2025.0,Rabi,19.227620613972864,18.742977841845004,60.306117344139594,7.65528902278178,0.8302959001556367,43.90062774367972,26.544169653207053,29.555065959184624,Loam
Dhaulpur,2025.0,Zaid,20.487281340666406,31.7477855917586,34.62325113802321,7.65528902278178,0.8302959001556367,43.90062774367972,26.54416965320705,29.555065959184624,Loam
Dungarpur,2021.0,Kharif,923.3996141057395,27.204931983943226,74.87606491288,7.359425496874465,0.9761361123706438,39.79373254356574,24.83362293082961,35.37252946199261,Loam
Dungarpur,2021.0,Rabi,6.330913131800599,22.048232096767588,46.7304781183268,7.359425496874465,0.9761361123706438,39.79373254356574,24.83362293082961,35.37252946199261,Loam
Dungarpur,2021.0,Zaid,6.949130419856712,30.79281186990668,33.79585005748464,7.359425496874465,0.9761361123706438,39.79373254356574,24.83362293082961,35.37252946199261,Loam
Dungarpur,2022.0,Kharif,1114.9773823524658,27.52076790759284,69.88627901147706,7.359425496874465,0.9761361123706438,39.79373254356574,24.83362293082961,35.37252946199261,Loam
Dungarpur,2022.0,Rabi,0.040182165018691395,21.981606046133088,45.055739379164,7.359425496874465,0.9761361123706438,39.79373254356574,24.83362293082961,35.37252946199261,Loam
Dungarpur,2022.0,Zaid,0.0,32.92227466908794,27.520134744745555,7.359425496874465,0.9761361123706438,39.79373254356574,24.83362293082961,35.37252946199261,Loam
Dungarpur,2023.0,Kharif,1028.0913316891358,27.441498080020345,72.48486666990192,7.359425496874465,0.9761361123706438,39.79373254356574,24.83362293082961,35.37252946199261,Loam
Dungarpur,2023.0,Rabi,19.663129149627903,21.721686879471918,50.25987850691049,7.359425496874465,0.9761361123706438,39.79373254356574,24.83362293082961,35.37252946199261,Loam
Dungarpur,2023.0,Zaid,19.2018670181006,30.38462635768058,35.062910444251635,7.359425496874465,0.9761361123706438,39.79373254356574,24.83362293082961,35.37252946199261,Loam
Dungarpur,2024.0,Kharif,1062.7704776731946,27.905522736445437,74.61269985132698,7.359425496874465,0.9761361123706438,39.79373254356574,24.83362293082961,35.37252946199261,Loam
Dungarpur,2024.0,Rabi,0.8397187027177432,21.90053658797414,47.229366799025605,7.359425496874465,0.9761361123706438,39.79373254356574,24.83362293082961,35.37252946199261,Loam
Dungarpur,2024.0,Zaid,1.1081495156783205,32.10985223144567,31.68568599385678,7.359425496874465,0.9761361123706438,39.79373254356574,24.83362293082961,35.37252946199261,Loam
Dungarpur,2025.0,Kharif,1156.818853936481,26.996207311296438,74.67331618801394,7.359425496874465,0.9761361123706438,39.79373254356574,24.83362293082961,35.37252946199261,Loam
Dungarpur,2025.0,Rabi,5.031169977522893,22.080363656391302,45.5228945449477,7.359425496874465,0.9761361123706438,39.79373254356574,24.83362293082961,35.37252946199261,Loam
Dungarpur,2025.0,Zaid,44.33173121114785,31.59937090598146,38.95916765768851,7.359425496874465,0.9761361123706438,39.79373254356574,24.83362293082961,35.37252946199261,Loam
Hanumangarh,2021.0,Kharif,339.5128779380831,30.923811681481055,55.03700615813856,7.991436931660312,0.6603707508788489,58.40545363080692,22.86831899146728,18.72626126600637,Sandy Clay Loam
Hanumangarh,2021.0,Rabi,22.37760870661613,18.456394473083332,53.151892179371394,7.991436931660312,0.6603707508788489,58.40545363080692,22.86831899146728,18.72626126600637,Sandy Clay Loam
Hanumangarh,2021.0,Zaid,30.321685960953545,29.97040981211328,28.556903342165842,7.991436931660312,0.6603707508788489,58.40545363080692,22.86831899146728,18.72626126600637,Sandy Clay Loam
Hanumangarh,2022.0,Kharif,372.5142429628879,30.195286549014646,56.4439948337713,7.991436931660312,0.6603707508788489,58.40545363080692,22.86831899146728,18.72626126600637,Sandy Clay Loam
Hanumangarh,2022.0,Rabi,23.916277703517935,18.26679243243852,56.949734133551146,7.991436931660312,0.6603707508788489,58.40545363080692,22.86831899146728,18.72626126600637,Sandy Clay Loam
Hanumangarh,2022.0,Zaid,19.272055145535177,33.195007546189316,20.998546424031254,7.991436931660312,0.6603707508788489,58.40545363080692,22.86831899146728,18.72626126600637,Sandy Clay Loam
Hanumangarh,2023.0,Kharif,420.7517295382796,30.610318760820583,56.13435485232749,7.991436931660312,0.6603707508788489,58.40545363080692,22.86831899146728,18.72626126600637,Sandy Clay Loam
Hanumangarh,2023.0,Rabi,28.603522326071538,18.28928269001829,56.80462276303133,7.991436931660312,0.6603707508788489,58.40545363080692,22.86831899146728,18.72626126600637,Sandy Clay Loam
Hanumangarh,2023.0,Zaid,64.93139052697119,28.68987109656694,34.95252232764821,7.991436931660312,0.6603707508788489,58.40545363080692,22.86831899146728,18.72626126600637,Sandy Clay Loam
Hanumangarh,2024.0,Kharif,431.2053316989188,31.632127537302154,55.52734731779153,7.991436931660312,0.6603707508788489,58.40545363080692,22.86831899146728,18.72626126600637,Sandy Clay Loam
Hanumangarh,2024.0,Rabi,35.71684078986273,17.599188263004244,57.065577706516294,7.991436931660312,0.6603707508788489,58.40545363080692,22.86831899146728,18.72626126600637,Sandy Clay Loam
Hanumangarh,2024.0,Zaid,15.918335321815949,31.37174441681872,25.654727704044873,7.991436931660312,0.6603707508788489,58.40545363080692,22.86831899146728,18.72626126600637,Sandy Clay Loam
Hanumangarh,2025.0,Kharif,584.122979331599,29.711271106911084,61.86659253818675,7.991436931660312,0.6603707508788489,58.40545363080692,22.86831899146728,18.72626126600637,Sandy Clay Loam
Hanumangarh,2025.0,Rabi,29.98758518510592,18.302931866617243,50.73787710210392,7.991436931660312,0.6603707508788489,58.40545363080692,22.86831899146728,18.72626126600637,Sandy Clay Loam
Hanumangarh,2025.0,Zaid,22.713187865639547,32.49379331140533,28.015583748622795,7.991436931660312,0.6603707508788489,58.40545363080692,22.86831899146728,18.72626126600637,Sandy Clay Loam
Jaipur,2021.0,Kharif,709.0366666894776,28.586370489535835,61.839966199541195,7.46853423827555,0.850231696900605,47.74610578424717,23.499579154705494,28.754366255945,Loam
Jaipur,2021.0,Rabi,25.18989671557849,18.869572178286205,48.08323275649115,7.46853423827555,0.850231696900605,47.74610578424717,23.499579154705494,28.754366255945,Loam
Jaipur,2021.0,Zaid,26.34150853966815,29.374766563297037,29.095641276933918,7.46853423827555,0.850231696900605,47.74610578424717,23.499579154705494,28.754366255945,Loam
Jaipur,2022.0,Kharif,695.055589584421,27.783943081498904,65.20384124434018,7.46853423827555,0.850231696900605,47.74610578424717,23.499579154705494,28.754366255945,Loam
Jaipur,2022.0,Rabi,27.633443496966475,18.447474726272244,49.09635334549397,7.46853423827555,0.850231696900605,47.74610578424717,23.499579154705494,28.754366255945,Loam
Jaipur,2022.0,Zaid,15.793039074457155,32.92272772763378,19.31965937765275,7.46853423827555,0.850231696900605,47.74610578424717,23.499579154705494,28.754366255945,Loam
Jaipur,2023.0,Kharif,542.4728780328263,28.30316010315706,62.112545783375666,7.46853423827555,0.850231696900605,47.74610578424717,23.499579154705494,28.754366255945,Loam
Jaipur,2023.0,Rabi,35.168412537481736,18.63404552401373,52.56642479496675,7.46853423827555,0.850231696900605,47.74610578424717,23.499579154705494,28.754366255945,Loam
Jaipur,2023.0,Zaid,62.52407371679499,28.62134028382262,31.631257575623465,7.46853423827555,0.850231696900605,47.74610578424717,23.499579154705494,28.754366255945,Loam
Jaipur,2024.0,Kharif,1014.7230734879718,28.63846418388551,67.12685232777349,7.46853423827555,0.850231696900605,47.74610578424717,23.499579154705494,28.754366255945,Loam
Jaipur,2024.0,Rabi,11.800454423891631,18.092123995861588,52.48978531675143,7.46853423827555,0.850231696900605,47.74610578424717,23.499579154705494,28.754366255945,Loam
Jaipur,2024.0,Zaid,9.772581607625293,31.519004863791118,23.129786602735507,7.46853423827555,0.850231696900605,47.74610578424717,23.499579154705494,28.754366255945,Loam
Jaipur,2025.0,Kharif,936.3325574221901,27.062233304515736,71.38825479611225,7.46853423827555,0.850231696900605,47.74610578424717,23.499579154705494,28.754366255945,Loam
Jaipur,2025.0,Rabi,17.47579042610308,18.332663052498983,51.92357410587158,7.46853423827555,0.850231696900605,47.74610578424717,23.499579154705494,28.754366255945,Loam
Jaipur,2025.0,Zaid,22.418092846425477,31.351755611831095,29.642657710731108,7.46853423827555,0.850231696900605,47.74610578424717,23.499579154705494,28.754366255945,Loam
Jaisalmer,2021.0,Kharif,170.78092883612692,32.012136714168356,47.53246998041725,8.024784734336027,0.4190765963466304,57.32920513117581,24.14245706687899,18.52837361519538,Sandy Clay Loam
Jaisalmer,2021.0,Rabi,4.689553308773884,20.874297278492467,34.27024642903038,8.024784734336027,0.4190765963466304,57.32920513117581,24.14245706687899,18.52837361519538,Sandy Clay Loam
Jaisalmer,2021.0,Zaid,15.173705314060706,32.48309998865935,23.69340161489137,8.024784734336027,0.4190765963466304,57.32920513117581,24.14245706687899,18.52837361519538,Sandy Clay Loam
Jaisalmer,2022.0,Kharif,441.6708682552201,30.417801087196317,54.77484333081897,8.024784734336027,0.4190765963466304,57.32920513117581,24.14245706687899,18.52837361519538,Sandy Clay Loam
Jaisalmer,2022.0,Rabi,7.218175022204642,20.86878835201423,38.71649603650276,8.024784734336027,0.4190765963466304,57.32920513117581,24.14245706687899,18.52837361519538,Sandy Clay Loam
Jaisalmer,2022.0,Zaid,2.1508450431204555,34.6110736503271,19.46798585544493,8.024784734336027,0.4190765963466304,57.32920513117581,24.14245706687899,18.52837361519538,Sandy Clay Loam
Jaisalmer,2023.0,Kharif,235.8428347133883,31.71012149496131,49.50878356785624,8.024784734336027,0.4190765963466304,57.32920513117581,24.14245706687899,18.52837361519538,Sandy Clay Loam
Jaisalmer,2023.0,Rabi,9.317529998219085,20.77835214525998,39.60545707096963,8.024784734336027,0.4190765963466304,57.32920513117581,24.14245706687899,18.52837361519538,Sandy Clay Loam
Jaisalmer,2023.0,Zaid,34.968671876909376,31.3215786211752,27.451107673581873,8.024784734336027,0.4190765963466304,57.32920513117581,24.14245706687899,18.52837361519538,Sandy Clay Loam
Jaisalmer,2024.0,Kharif,366.0158570932076,32.35980403848011,52.24567706695772,8.024784734336027,0.4190765963466304,57.32920513117581,24.14245706687899,18.52837361519538,Sandy Clay Loam
Jaisalmer,2024.0,Rabi,8.951810887881095,20.323853783487266,40.50532404206498,8.024784734336027,0.4190765963466304,57.32920513117581,24.14245706687899,18.52837361519538,Sandy Clay Loam
Jaisalmer,2024.0,Zaid,10.016080201388764,33.547978481766236,20.99859891161291,8.024784734336027,0.4190765963466304,57.32920513117581,24.14245706687899,18.52837361519538,Sandy Clay Loam
Jaisalmer,2025.0,Kharif,229.80915860511618,31.276511416859428,50.91231905469414,8.024784734336027,0.4190765963466304,57.32920513117581,24.14245706687899,18.52837361519538,Sandy Clay Loam
Jaisalmer,2025.0,Rabi,8.70696965080035,21.20411155784611,32.66730030558873,8.024784734336027,0.4190765963466304,57.32920513117581,24.14245706687899,18.52837361519538,Sandy Clay Loam
Jaisalmer,2025.0,Zaid,15.661658125031561,34.42658925795856,22.16761443050545,8.024784734336027,0.4190765963466304,57.32920513117581,24.14245706687899,18.52837361519538,Sandy Clay Loam
Jalore,2021.0,Kharif,480.8932927093252,29.54754631777006,61.26057574476997,7.569345068166148,0.7197348534596913,47.63071085699597,22.360459238758345,30.00880565717488,Loam
Jalore,2021.0,Rabi,10.030590051311115,21.504031082079056,41.380913333505625,7.569345068166148,0.7197348534596913,47.63071085699597,22.360459238758345,30.00880565717488,Loam
Jalore,2021.0,Zaid,13.213312026875046,31.270083177988333,31.37005711067167,7.569345068166148,0.7197348534596913,47.63071085699597,22.360459238758345,30.00880565717488,Loam
Jalore,2022.0,Kharif,868.6844976454356,28.905151993891174,64.04011997422214,7.569345068166148,0.7197348534596913,47.63071085699597,22.360459238758345,30.00880565717488,Loam
Jalore,2022.0,Rabi,2.023387145546705,21.3841282782828,41.46645582853851,7.569345068166148,0.7197348534596913,47.63071085699597,22.360459238758345,30.00880565717488,Loam
Jalore,2022.0,Zaid,0.295309031524099,33.00826721958934,28.302691494685988,7.569345068166148,0.7197348534596913,47.63071085699597,22.360459238758345,30.00880565717488,Loam
Jalore,2023.0,Kharif,588.6481898392452,28.70879086101018,66.625163881739,7.569345068166148,0.7197348534596913,47.63071085699597,22.360459238758345,30.00880565717488,Loam
Jalore,2023.0,Rabi,16.22013223549754,21.202832333729248,45.90212551191024,7.569345068166148,0.7197348534596913,47.63071085699597,22.360459238758345,30.00880565717488,Loam
Jalore,2023.0,Zaid,21.936656486396902,30.571672335621134,34.16920808032092,7.569345068166148,0.7197348534596913,47.63071085699597,22.360459238758345,30.00880565717488,Loam
Jalore,2024.0,Kharif,813.7504112055498,29.995519161365003,64.00433638913844,7.569345068166148,0.7197348534596913,47.63071085699597,22.360459238758345,30.00880565717488,Loam
Jalore,2024.0,Rabi,2.5766259562244618,21.212898912750536,41.83778429408675,7.569345068166148,0.7197348534596913,47.63071085699597,22.360459238758345,30.00880565717488,Loam
Jalore,2024.0,Zaid,4.996920902296747,32.667839027271256,28.23461596460421,7.569345068166148,0.7197348534596913,47.63071085699597,22.360459238758345,30.00880565717488,Loam
Jalore,2025.0,Kharif,770.6897090746298,28.331032522607956,67.68249749875153,7.569345068166148,0.7197348534596913,47.63071085699597,22.360459238758345,30.00880565717488,Loam
Jalore,2025.0,Rabi,7.598314753362075,22.16243224626018,37.7557683915705,7.569345068166148,0.7197348534596913,47.63071085699597,22.360459238758345,30.00880565717488,Loam
Jalore,2025.0,Zaid,21.97161962545819,32.85614634883097,31.866194259208022,7.569345068166148,0.7197348534596913,47.63071085699597,22.360459238758345,30.00880565717488,Loam
Jhalawar,2021.0,Kharif,1169.1339503008548,27.318857776084485,71.64666194946423,7.324442733469555,0.7898446674541064,36.359408258216845,31.070649046282863,32.57011021594803,Clay Loam
Jhalawar,2021.0,Rabi,23.506017796639867,21.095270541291384,46.90230411017733,7.324442733469555,0.7898446674541064,36.359408258216845,31.070649046282863,32.57011021594803,Clay Loam
Jhalawar,2021.0,Zaid,19.72147554549111,31.45408682882744,26.75506959079663,7.324442733469555,0.7898446674541064,36.359408258216845,31.070649046282863,32.57011021594803,Clay Loam
Jhalawar,2022.0,Kharif,1364.406702317492,27.352209654647403,68.53730977563214,7.324442733469555,0.7898446674541064,36.359408258216845,31.070649046282863,32.57011021594803,Clay Loam
Jhalawar,2022.0,Rabi,14.268977539868056,20.67094829323133,47.482507334287924,7.324442733469555,0.7898446674541064,36.359408258216845,31.070649046282863,32.57011021594803,Clay Loam
Jhalawar,2022.0,Zaid,3.395780350295766,33.23401387778033,23.49828441653854,7.324442733469555,0.7898446674541064,36.359408258216845,31.070649046282863,32.57011021594803,Clay Loam
Jhalawar,2023.0,Kharif,806.7763044596663,27.512905981642994,68.91806935599745,7.324442733469555,0.7898446674541064,36.359408258216845,31.070649046282863,32.57011021594803,Clay Loam
Jhalawar,2023.0,Rabi,43.86127449936271,20.9075547680496,50.837496368944876,7.324442733469555,0.7898446674541064,36.359408258216845,31.070649046282863,32.57011021594803,Clay Loam
Jhalawar,2023.0,Zaid,29.14359584227701,30.78684776331247,28.711008933377833,7.324442733469555,0.7898446674541064,36.359408258216845,31.070649046282863,32.57011021594803,Clay Loam
Jhalawar,2024.0,Kharif,1109.6250198049718,27.767083120182594,72.42817975643564,7.324442733469555,0.7898446674541064,36.359408258216845,31.070649046282863,32.57011021594803,Clay Loam
Jhalawar,2024.0,Rabi,17.76479174067223,21.060698202606627,48.481431423416794,7.324442733469555,0.7898446674541064,36.359408258216845,31.070649046282863,32.57011021594803,Clay Loam
Jhalawar,2024.0,Zaid,3.9957383244034794,33.0065375650363,25.023619603367145,7.324442733469555,0.7898446674541064,36.359408258216845,31.070649046282863,32.57011021594803,Clay Loam
Jhalawar,2025.0,Kharif,1224.923967318862,26.741727847721904,74.18932580772676,7.324442733469555,0.7898446674541064,36.359408258216845,31.070649046282863,32.57011021594803,Clay Loam
Jhalawar,2025.0,Rabi,17.908779524997602,21.23468634734789,45.0194128448653,7.324442733469555,0.7898446674541064,36.359408258216845,31.070649046282863,32.57011021594803,Clay Loam
Jhalawar,2025.0,Zaid,37.48585756181197,32.20546145585482,32.11295803689959,7.324442733469555,0.7898446674541064,36.359408258216845,31.070649046282863,32.57011021594803,Clay Loam
Jhunjhunu,2021.0,Kharif,572.7015502801382,29.583352449524966,57.052484221692566,7.564148238132579,0.8594941762681367,46.73249222258496,25.900183444383487,27.367264578193463,Loam
Jhunjhunu,2021.0,Rabi,21.959455026206275,18.540078554624007,48.612002113562596,7.564148238132579,0.8594941762681367,46.73249222258496,25.900183444383487,27.367264578193463,Loam
Jhunjhunu,2021.0,Zaid,35.452377809136756,29.36976040365917,28.14004594161686,7.564148238132579,0.8594941762681367,46.73249222258496,25.900183444383487,27.367264578193463,Loam
Jhunjhunu,2022.0,Kharif,515.0336876630159,28.621140582514045,60.27621367904438,7.564148238132579,0.8594941762681367,46.73249222258496,25.900183444383487,27.367264578193463,Loam
Jhunjhunu,2022.0,Rabi,27.7676717260787,18.274402805583502,50.339073114433404,7.564148238132579,0.8594941762681367,46.73249222258496,25.900183444383487,27.367264578193463,Loam
Jhunjhunu,2022.0,Zaid,32.11704896843002,33.15343454664338,18.094487586126103,7.564148238132579,0.8594941762681367,46.73249222258496,25.900183444383487,27.367264578193463,Loam
Jhunjhunu,2023.0,Kharif,552.1318752142439,29.303266731268224,57.008259622020965,7.564148238132579,0.8594941762681367,46.73249222258496,25.900183444383487,27.367264578193463,Loam
Jhunjhunu,2023.0,Rabi,28.939029411662563,18.391297934896972,51.42448636000754,7.564148238132579,0.8594941762681367,46.73249222258496,25.900183444383487,27.367264578193463,Loam
Jhunjhunu,2023.0,Zaid,78.54859323172784,28.55692860576297,31.06060838566762,7.564148238132579,0.8594941762681367,46.73249222258496,25.900183444383487,27.367264578193463,Loam
Jhunjhunu,2024.0,Kharif,678.4107668796845,29.45655938549559,62.95572596234975,7.564148238132579,0.8594941762681367,46.73249222258496,25.900183444383487,27.367264578193463,Loam
Jhunjhunu,2024.0,Rabi,29.778642831354944,17.661514287364206,53.22243331602615,7.564148238132579,0.8594941762681367,46.73249222258496,25.900183444383487,27.367264578193463,Loam
Jhunjhunu,2024.0,Zaid,15.698417252089655,31.547653539553703,22.44333224619198,7.564148238132579,0.8594941762681367,46.73249222258496,25.900183444383487,27.367264578193463,Loam
Jhunjhunu,2025.0,Kharif,782.1326843437254,27.853133138656585,67.41867482384359,7.564148238132579,0.8594941762681367,46.73249222258496,25.900183444383487,27.367264578193463,Loam
Jhunjhunu,2025.0,Rabi,20.997861834108992,18.292461132092434,48.75921718841667,7.564148238132579,0.8594941762681367,46.73249222258496,25.900183444383487,27.367264578193463,Loam
Jhunjhunu,2025.0,Zaid,33.17672742798301,31.75506800659752,27.99104110570659,7.564148238132579,0.8594941762681367,46.73249222258496,25.900183444383487,27.367264578193463,Loam
Jodhpur,2021.0,Kharif,318.2484905175712,30.49269690700667,53.51877891012742,7.791916606079316,0.5122976308315786,54.2613567176807,23.35875841901032,22.37989059447113,Sandy Clay Loam
Jodhpur,2021.0,Rabi,7.39684637859499,20.65528575824514,36.09142616767485,7.791916606079316,0.5122976308315786,54.2613567176807,23.35875841901032,22.37989059447113,Sandy Clay Loam
Jodhpur,2021.0,Zaid,20.960781793508605,31.49867432469176,24.760086503981924,7.791916606079316,0.5122976308315786,54.2613567176807,23.35875841901032,22.37989059447113,Sandy Clay Loam
Jodhpur,2022.0,Kharif,481.294637176646,29.520295599962434,57.17771884050719,7.791916606079316,0.5122976308315786,54.2613567176807,23.35875841901032,22.37989059447113,Sandy Clay Loam
Jodhpur,2022.0,Rabi,7.011329572069271,20.528546227454417,37.353803672885554,7.791916606079316,0.5122976308315786,54.2613567176807,23.35875841901032,22.37989059447113,Sandy Clay Loam
Jodhpur,2022.0,Zaid,3.494336172773293,33.978004616397286,19.2303448796145,7.791916606079316,0.5122976308315786,54.2613567176807,23.35875841901032,22.37989059447113,Sandy Clay Loam
Jodhpur,2023.0,Kharif,426.33598413277593,29.853717097492517,56.75496252524804,7.791916606079316,0.5122976308315786,54.2613567176807,23.35875841901032,22.37989059447113,Sandy Clay Loam
Jodhpur,2023.0,Rabi,11.249639157860686,20.482451698047612,39.75097128288836,7.791916606079316,0.5122976308315786,54.2613567176807,23.35875841901032,22.37989059447113,Sandy Clay Loam
Jodhpur,2023.0,Zaid,55.2499779660338,30.5649654291366,27.628691900197133,7.791916606079316,0.5122976308315786,54.2613567176807,23.35875841901032,22.37989059447113,Sandy Clay Loam
Jodhpur,2024.0,Kharif,562.9136896852373,30.785435592910396,57.353354847875075,7.791916606079316,0.5122976308315786,54.2613567176807,23.35875841901032,22.37989059447113,Sandy Clay Loam
Jodhpur,2024.0,Rabi,5.50979243344135,20.03622102327111,41.0888412884552,7.791916606079316,0.5122976308315786,54.2613567176807,23.35875841901032,22.37989059447113,Sandy Clay Loam
Jodhpur,2024.0,Zaid,17.497262982403143,33.044437078530336,20.610923151350367,7.791916606079316,0.5122976308315786,54.2613567176807,23.35875841901032,22.37989059447113,Sandy Clay Loam
Jodhpur,2025.0,Kharif,495.45977787815474,29.01970063395161,61.07849129401785,7.791916606079316,0.5122976308315786,54.2613567176807,23.35875841901032,22.37989059447113,Sandy Clay Loam
Jodhpur,2025.0,Rabi,8.718503645161853,20.869912740520885,34.860530994354626,7.791916606079316,0.5122976308315786,54.2613567176807,23.35875841901032,22.37989059447113,Sandy Clay Loam
Jodhpur,2025.0,Zaid,30.242489627353155,33.32300431981754,24.268846648248044,7.791916606079316,0.5122976308315786,54.2613567176807,23.35875841901032,22.37989059447113,Sandy Clay Loam
Karauli,2021.0,Kharif,923.8434501032777,28.75318701609807,66.82020622162877,7.323849110664443,0.9467935707025281,48.72619591043981,25.53555773220264,25.738271236433086,Loam
Karauli,2021.0,Rabi,23.737248542705757,19.086735617553018,55.61365391355091,7.323849110664443,0.9467935707025281,48.72619591043981,25.53555773220264,25.738271236433086,Loam
Karauli,2021.0,Zaid,22.651440473037063,29.7897094119971,32.21136223122572,7.323849110664443,0.9467935707025282,48.72619591043981,25.53555773220264,25.73827123643309,Loam
Karauli,2022.0,Kharif,804.2169060389689,28.27209037089683,68.0888121737622,7.323849110664443,0.9467935707025281,48.72619591043981,25.53555773220264,25.738271236433086,Loam
Karauli,2022.0,Rabi,28.420885382691477,18.65111314220919,56.08526552822265,7.323849110664443,0.9467935707025281,48.72619591043981,25.53555773220264,25.738271236433086,Loam
Karauli,2022.0,Zaid,9.496652212159491,32.70327873175837,24.353379892274816,7.323849110664443,0.9467935707025282,48.72619591043981,25.53555773220264,25.73827123643309,Loam
Karauli,2023.0,Kharif,567.4179991534436,28.578668149834993,65.5875483899042,7.323849110664443,0.9467935707025281,48.72619591043981,25.53555773220264,25.738271236433086,Loam
Karauli,2023.0,Rabi,40.05543597608565,19.049487322046243,59.6237813927473,7.323849110664443,0.9467935707025281,48.72619591043981,25.53555773220264,25.738271236433086,Loam
Karauli,2023.0,Zaid,38.772241690941726,29.3778565340813,32.767592345893256,7.323849110664443,0.9467935707025282,48.72619591043981,25.53555773220264,25.73827123643309,Loam
Karauli,2024.0,Kharif,1129.8801418848577,29.077126051100947,68.93523639176132,7.323849110664443,0.9467935707025281,48.72619591043981,25.53555773220264,25.738271236433086,Loam
Karauli,2024.0,Rabi,18.51262223658323,18.597254692102958,57.25922580307124,7.323849110664443,0.9467935707025281,48.72619591043981,25.53555773220264,25.738271236433086,Loam
Karauli,2024.0,Zaid,7.247825310451411,32.108910465378216,24.970631078195,7.323849110664443,0.9467935707025282,48.72619591043981,25.53555773220264,25.73827123643309,Loam
Karauli,2025.0,Kharif,1115.474414201582,27.59388522787084,73.57004736350093,7.323849110664443,0.9467935707025281,48.72619591043981,25.53555773220264,25.738271236433086,Loam
Karauli,2025.0,Rabi,19.54254114853734,18.828595459601196,57.88738582395022,7.323849110664443,0.9467935707025281,48.72619591043981,25.53555773220264,25.738271236433086,Loam
Karauli,2025.0,Zaid,12.494385108894962,31.67582313596523,32.37231119971426,7.323849110664443,0.9467935707025282,48.72619591043981,25.53555773220264,25.73827123643309,Loam
Kota,2021.0,Kharif,1044.0108946369405,28.452383660787813,67.74132653077368,7.331463260312297,0.8223356041420044,40.75124787601306,28.3780444551492,30.87063767850261,Clay Loam
Kota,2021.0,Rabi,19.821929780019254,20.730812206549878,48.900714762626144,7.331463260312297,0.8223356041420044,40.75124787601306,28.3780444551492,30.87063767850261,Clay Loam
Kota,2021.0,Zaid,24.000985708880837,31.567771538627493,26.681613142959378,7.331463260312297,0.8223356041420042,40.75124787601306,28.3780444551492,30.87063767850261,Clay Loam
Kota,2022.0,Kharif,1020.8308241670355,27.99265460720563,68.22660593949892,7.331463260312297,0.8223356041420044,40.75124787601306,28.3780444551492,30.87063767850261,Clay Loam
Kota,2022.0,Rabi,12.905754102577127,19.99201557015503,51.553730395481786,7.331463260312297,0.8223356041420044,40.75124787601306,28.3780444551492,30.87063767850261,Clay Loam
Kota,2022.0,Zaid,7.0140179727519065,33.46918790535727,23.280916486486916,7.331463260312297,0.8223356041420042,40.75124787601306,28.3780444551492,30.87063767850261,Clay Loam
Kota,2023.0,Kharif,641.0996048510231,28.525255721706163,65.49410187761985,7.331463260312297,0.8223356041420044,40.75124787601306,28.3780444551492,30.87063767850261,Clay Loam
Kota,2023.0,Rabi,39.01133154011451,20.403479519894148,54.174906723169,7.331463260312297,0.8223356041420044,40.75124787601306,28.3780444551492,30.87063767850261,Clay Loam
Kota,2023.0,Zaid,25.167329686257553,30.735989575304842,29.127859679352774,7.331463260312297,0.8223356041420042,40.75124787601306,28.3780444551492,30.87063767850261,Clay Loam
Kota,2024.0,Kharif,1097.8489121907976,28.772182615626598,69.66831302176443,7.331463260312297,0.8223356041420044,40.75124787601306,28.3780444551492,30.87063767850261,Clay Loam
Kota,2024.0,Rabi,10.62515679994246,20.416731240357308,51.047792288426486,7.331463260312297,0.8223356041420044,40.75124787601306,28.3780444551492,30.87063767850261,Clay Loam
Kota,2024.0,Zaid,3.3458260848175985,33.29383894242434,23.42959142799766,7.331463260312297,0.8223356041420042,40.75124787601306,28.3780444551492,30.87063767850261,Clay Loam
Kota,2025.0,Kharif,1251.297249973646,27.65081275119623,71.1825437139672,7.331463260312297,0.8223356041420044,40.75124787601306,28.3780444551492,30.87063767850261,Clay Loam
Kota,2025.0,Rabi,15.896510894552586,20.588608577276922,49.91608346398155,7.331463260312297,0.8223356041420044,40.75124787601306,28.3780444551492,30.87063767850261,Clay Loam
Kota,2025.0,Zaid,20.685075170915574,32.664658104418585,30.21919701983454,7.331463260312297,0.8223356041420042,40.75124787601306,28.3780444551492,30.87063767850261,Clay Loam
Nagaur,2021.0,Kharif,445.03464168544855,29.57238312095984,56.362123420135234,7.6532797209563554,0.5704724466215925,49.51865180053744,26.73553127124672,23.74570091727921,Loam
Nagaur,2021.0,Rabi,12.467535534723481,19.606894108791302,41.347929050044485,7.6532797209563554,0.5704724466215925,49.51865180053744,26.73553127124672,23.74570091727921,Loam
Nagaur,2021.0,Zaid,20.15781827252551,30.433599905076765,25.717096022347114,7.6532797209563554,0.5704724466215925,49.51865180053744,26.73553127124672,23.74570091727921,Loam
Nagaur,2022.0,Kharif,508.6538673363163,28.775612789360242,58.89641750343727,7.6532797209563554,0.5704724466215925,49.51865180053744,26.73553127124672,23.74570091727921,Loam
Nagaur,2022.0,Rabi,12.952794540926973,19.463218653020828,41.614333444376804,7.6532797209563554,0.5704724466215925,49.51865180053744,26.73553127124672,23.74570091727921,Loam
Nagaur,2022.0,Zaid,7.502136370705022,33.52602826775549,18.02167229967887,7.6532797209563554,0.5704724466215925,49.51865180053744,26.73553127124672,23.74570091727921,Loam
Nagaur,2023.0,Kharif,501.4326828542693,29.186197060064803,57.88484045965369,7.6532797209563554,0.5704724466215925,49.51865180053744,26.73553127124672,23.74570091727921,Loam
Nagaur,2023.0,Rabi,16.5223210718797,19.568001292811424,43.22448620782403,7.6532797209563554,0.5704724466215925,49.51865180053744,26.73553127124672,23.74570091727921,Loam
Nagaur,2023.0,Zaid,52.04394580963476,29.508679329017365,28.893156236242252,7.6532797209563554,0.5704724466215925,49.51865180053744,26.73553127124672,23.74570091727921,Loam
Nagaur,2024.0,Kharif,641.8334706047891,29.746608986756293,60.763119779580414,7.6532797209563554,0.5704724466215925,49.51865180053744,26.73553127124672,23.74570091727921,Loam
Nagaur,2024.0,Rabi,7.5753824881902405,18.985368355486717,45.54545344238461,7.6532797209563554,0.5704724466215925,49.51865180053744,26.73553127124672,23.74570091727921,Loam
Nagaur,2024.0,Zaid,11.718480864168487,32.146432887634965,21.0983497860501,7.6532797209563554,0.5704724466215925,49.51865180053744,26.73553127124672,23.74570091727921,Loam
Nagaur,2025.0,Kharif,694.0905722033019,27.938808992192282,65.79237035196248,7.6532797209563554,0.5704724466215925,49.51865180053744,26.73553127124672,23.74570091727921,Loam
Nagaur,2025.0,Rabi,12.675430756770785,19.657312751883797,41.014792775992944,7.6532797209563554,0.5704724466215925,49.51865180053744,26.73553127124672,23.74570091727921,Loam
Nagaur,2025.0,Zaid,18.856165929896463,32.55984314321612,25.101004546802343,7.6532797209563554,0.5704724466215925,49.51865180053744,26.73553127124672,23.74570091727921,Loam
Pali,2021.0,Kharif,512.5002367915023,28.61175840292457,62.051316984954,7.53473171984385,0.6899628053639705,44.44318482030989,24.631426137433625,30.925512263366432,Loam
Pali,2021.0,Rabi,9.760608660279582,20.56300679688639,41.445031490945475,7.53473171984385,0.6899628053639705,44.44318482030989,24.631426137433625,30.925512263366432,Loam
Pali,2021.0,Zaid,21.723024243647927,30.739870576791866,27.536280691032054,7.53473171984385,0.6899628053639705,44.44318482030989,24.631426137433625,30.925512263366432,Loam
Pali,2022.0,Kharif,759.9152728373962,28.01410393292873,63.81345163095441,7.53473171984385,0.6899628053639705,44.44318482030989,24.631426137433625,30.925512263366432,Loam
Pali,2022.0,Rabi,8.861407058060582,20.448177804089124,40.768297195216455,7.53473171984385,0.6899628053639705,44.44318482030989,24.631426137433625,30.925512263366432,Loam
Pali,2022.0,Zaid,0.9684680069734531,33.18596706425799,22.31028761449734,7.53473171984385,0.6899628053639705,44.44318482030989,24.631426137433625,30.925512263366432,Loam
Pali,2023.0,Kharif,611.3765519364049,27.912315812614928,66.22054416278803,7.53473171984385,0.6899628053639705,44.44318482030989,24.631426137433625,30.925512263366432,Loam
Pali,2023.0,Rabi,20.927505031495738,20.426473580127745,44.41578473096983,7.53473171984385,0.6899628053639705,44.44318482030989,24.631426137433625,30.925512263366432,Loam
Pali,2023.0,Zaid,37.388870008780934,29.877775248702584,31.351133194500903,7.53473171984385,0.6899628053639705,44.44318482030989,24.631426137433625,30.925512263366432,Loam
Pali,2024.0,Kharif,887.9155498450028,28.93961480901212,65.78711576402469,7.53473171984385,0.6899628053639705,44.44318482030989,24.631426137433625,30.925512263366432,Loam
Pali,2024.0,Rabi,2.9780741222782003,20.188608405782453,43.28122570590437,7.53473171984385,0.6899628053639705,44.44318482030989,24.631426137433625,30.925512263366432,Loam
Pali,2024.0,Zaid,8.260325472786743,32.031903252453205,25.18793604992554,7.53473171984385,0.6899628053639705,44.44318482030989,24.631426137433625,30.925512263366432,Loam
Pali,2025.0,Kharif,805.4106878270253,27.3570940206549,69.1907167682246,7.53473171984385,0.6899628053639705,44.44318482030989,24.631426137433625,30.925512263366432,Loam
Pali,2025.0,Rabi,8.692573296873356,20.95314640968326,39.09703397016782,7.53473171984385,0.6899628053639705,44.44318482030989,24.631426137433625,30.925512263366432,Loam
Pali,2025.0,Zaid,32.64770729132373,32.19541983793816,29.53974179869673,7.53473171984385,0.6899628053639705,44.44318482030989,24.631426137433625,30.925512263366432,Loam
Rajsamand,2021.0,Kharif,666.4155740784302,26.34188802874665,68.51020253044894,7.344695299699076,0.9639301728259164,36.934399265106606,33.273771319131875,29.791692305330336,Clay Loam
Rajsamand,2021.0,Rabi,13.84124302666428,19.348109754669142,44.77352619008546,7.344695299699076,0.9639301728259164,36.934399265106606,33.273771319131875,29.791692305330336,Clay Loam
Rajsamand,2021.0,Zaid,49.02054631979448,29.21146756003955,28.046008992196924,7.344695299699076,0.9639301728259164,36.934399265106606,33.273771319131875,29.791692305330336,Clay Loam
Rajsamand,2022.0,Kharif,937.1767250098662,26.221758999510172,66.28860695484966,7.344695299699076,0.9639301728259164,36.934399265106606,33.273771319131875,29.791692305330336,Clay Loam
Rajsamand,2022.0,Rabi,5.298761566058628,19.314785998582188,42.3462522886373,7.344695299699076,0.9639301728259164,36.934399265106606,33.273771319131875,29.791692305330336,Clay Loam
Rajsamand,2022.0,Zaid,0.5074336781897932,31.88299796178218,21.580122855797633,7.344695299699076,0.9639301728259164,36.934399265106606,33.273771319131875,29.791692305330336,Clay Loam
Rajsamand,2023.0,Kharif,823.5198561107286,26.149742597460044,68.74652120950002,7.344695299699076,0.9639301728259164,36.934399265106606,33.273771319131875,29.791692305330336,Clay Loam
Rajsamand,2023.0,Rabi,31.47767812515024,19.351687065426248,45.63800572716432,7.344695299699076,0.9639301728259164,36.934399265106606,33.273771319131875,29.791692305330336,Clay Loam
Rajsamand,2023.0,Zaid,34.91581469981814,28.01652731610333,33.04768698813432,7.344695299699076,0.9639301728259164,36.934399265106606,33.273771319131875,29.791692305330336,Clay Loam
Rajsamand,2024.0,Kharif,1067.7154167154706,26.871045357868383,70.40252403445513,7.344695299699076,0.9639301728259164,36.934399265106606,33.273771319131875,29.791692305330336,Clay Loam
Rajsamand,2024.0,Rabi,2.4350763454083206,19.16674905199237,44.32952127133784,7.344695299699076,0.9639301728259164,36.934399265106606,33.273771319131875,29.791692305330336,Clay Loam
Rajsamand,2024.0,Zaid,7.102746126273145,30.69158324891272,25.103819593343477,7.344695299699076,0.9639301728259164,36.934399265106606,33.273771319131875,29.791692305330336,Clay Loam
Rajsamand,2025.0,Kharif,1016.0279230516128,25.464184843548686,73.2670470959224,7.344695299699076,0.9639301728259164,36.934399265106606,33.273771319131875,29.791692305330336,Clay Loam
Rajsamand,2025.0,Rabi,7.869429151314703,19.776271860674846,41.636012102732465,7.344695299699076,0.9639301728259164,36.934399265106606,33.273771319131875,29.791692305330336,Clay Loam
Rajsamand,2025.0,Zaid,56.815645899038785,30.352270759085187,31.976305340854815,7.344695299699076,0.9639301728259164,36.934399265106606,33.273771319131875,29.791692305330336,Clay Loam
Sawai Madhopur,2021.0,Kharif,869.6527351078591,28.88952868973447,66.09976171563714,7.391336939566251,0.90908099100148,46.36155834187105,25.40509783395536,28.23333160894245,Loam
Sawai Madhopur,2021.0,Rabi,22.55367170694456,19.206504803708516,55.47369254804757,7.391336939566251,0.90908099100148,46.36155834187105,25.40509783395536,28.23333160894245,Loam
Sawai Madhopur,2021.0,Zaid,19.345797497968054,30.20122105958075,30.411043479548127,7.391336939566251,0.90908099100148,46.36155834187105,25.40509783395536,28.23333160894245,Loam
Sawai Madhopur,2022.0,Kharif,841.4278558392014,28.25964775932428,68.18863936879083,7.391336939566251,0.90908099100148,46.36155834187105,25.40509783395536,28.23333160894245,Loam
Sawai Madhopur,2022.0,Rabi,21.601096366794298,18.74592721493672,56.17732371981377,7.391336939566251,0.90908099100148,46.36155834187105,25.40509783395536,28.23333160894245,Loam
Sawai Madhopur,2022.0,Zaid,8.615803523521151,32.736084992382445,24.3529363312971,7.391336939566251,0.90908099100148,46.36155834187105,25.40509783395536,28.23333160894245,Loam
Sawai Madhopur,2023.0,Kharif,585.814642910648,28.91402015994264,63.35621879592397,7.391336939566251,0.90908099100148,46.36155834187105,25.40509783395536,28.23333160894245,Loam
Sawai Madhopur,2023.0,Rabi,35.677282608943436,19.342314324506695,58.08656301204112,7.391336939566251,0.90908099100148,46.36155834187105,25.40509783395536,28.23333160894245,Loam
Sawai Madhopur,2023.0,Zaid,45.873989778477885,29.587307489796647,32.7422731828166,7.391336939566251,0.90908099100148,46.36155834187105,25.40509783395536,28.23333160894245,Loam
Sawai Madhopur,2024.0,Kharif,1207.703410398881,29.23841925185066,67.99405979015935,7.391336939566251,0.90908099100148,46.36155834187105,25.40509783395536,28.23333160894245,Loam
Sawai Madhopur,2024.0,Rabi,11.625473172563247,19.10583198236913,54.45383574691179,7.391336939566251,0.90908099100148,46.36155834187105,25.40509783395536,28.23333160894245,Loam
Sawai Madhopur,2024.0,Zaid,6.044240294216945,32.53954278481856,23.856870683765713,7.391336939566251,0.90908099100148,46.36155834187105,25.40509783395536,28.23333160894245,Loam
Sawai Madhopur,2025.0,Kharif,1241.690617308212,27.699560663692104,72.38174348009521,7.391336939566251,0.90908099100148,46.36155834187105,25.40509783395536,28.23333160894245,Loam
Sawai Madhopur,2025.0,Rabi,19.618017533614985,19.151128218598892,56.49313415979357,7.391336939566251,0.90908099100148,46.36155834187105,25.40509783395536,28.23333160894245,Loam
Sawai Madhopur,2025.0,Zaid,10.726267913912524,31.963145853518434,31.232194030368028,7.391336939566251,0.90908099100148,46.36155834187105,25.40509783395536,28.23333160894245,Loam
Sikar,2021.0,Kharif,624.7179946413092,28.989766950177323,58.13377603867978,7.534495397778516,0.786278701903854,45.34323857682647,26.97856082950532,27.678151897554653,Loam
Sikar,2021.0,Rabi,21.181872748416136,18.725651684740363,45.46587419036236,7.534495397778516,0.786278701903854,45.34323857682647,26.97856082950532,27.678151897554653,Loam
Sikar,2021.0,Zaid,32.448087928056104,29.32279371942331,27.424655070612832,7.534495397778516,0.786278701903854,45.34323857682647,26.97856082950532,27.678151897554653,Loam
Sikar,2022.0,Kharif,567.9491761740613,27.990310563552384,61.879848269609525,7.534495397778516,0.786278701903854,45.34323857682647,26.97856082950532,27.678151897554653,Loam
Sikar,2022.0,Rabi,28.721651986829137,18.33144426931741,47.39520781900736,7.534495397778516,0.786278701903854,45.34323857682647,26.97856082950532,27.678151897554653,Loam
Sikar,2022.0,Zaid,21.99971231917047,32.78575301656849,18.27005617787978,7.534495397778516,0.786278701903854,45.34323857682647,26.97856082950532,27.678151897554653,Loam
Sikar,2023.0,Kharif,579.1771491850744,28.663473447768872,58.70858176635919,7.534495397778516,0.786278701903854,45.34323857682647,26.97856082950532,27.678151897554653,Loam
Sikar,2023.0,Rabi,29.78936413691531,18.503019851373033,48.54778987019125,7.534495397778516,0.786278701903854,45.34323857682647,26.97856082950532,27.678151897554653,Loam
Sikar,2023.0,Zaid,72.91245219673108,28.438499325406866,30.53989535976592,7.534495397778516,0.786278701903854,45.34323857682647,26.97856082950532,27.678151897554653,Loam
Sikar,2024.0,Kharif,746.2796254828319,28.9926895539894,63.62232994276345,7.534495397778516,0.786278701903854,45.34323857682647,26.97856082950532,27.678151897554653,Loam
Sikar,2024.0,Rabi,15.522312087292187,17.823777972968838,50.588505231077235,7.534495397778516,0.786278701903854,45.34323857682647,26.97856082950532,27.678151897554653,Loam
Sikar,2024.0,Zaid,15.71001469197342,31.410957188936266,21.84981918076481,7.534495397778516,0.786278701903854,45.34323857682647,26.97856082950532,27.678151897554653,Loam
Sikar,2025.0,Kharif,822.9281552358325,27.29068198122611,68.67889542789553,7.534495397778516,0.786278701903854,45.34323857682647,26.97856082950532,27.678151897554653,Loam
Sikar,2025.0,Rabi,19.053144746109627,18.422800169766788,46.84164569264512,7.534495397778516,0.786278701903854,45.34323857682647,26.97856082950532,27.678151897554653,Loam
Sikar,2025.0,Zaid,28.303929344238018,31.552446648450186,27.50719252773547,7.534495397778516,0.786278701903854,45.34323857682647,26.97856082950532,27.678151897554653,Loam
Sirohi,2021.0,Kharif,871.3953294215289,27.42519507810809,68.25028753401457,7.396337654624223,1.0341951416617727,40.48985614248625,24.857467313399425,34.65255453304433,Loam
Sirohi,2021.0,Rabi,14.042626278441976,20.767003777020722,44.37064643136541,7.396337654624223,1.0341951416617727,40.48985614248625,24.857467313399425,34.65255453304433,Loam
Sirohi,2021.0,Zaid,18.496234318304438,30.10846199580129,32.017602196519064,7.396337654624223,1.0341951416617727,40.48985614248625,24.857467313399425,34.65255453304433,Loam
Sirohi,2022.0,Kharif,1622.7762095676871,27.206367585097986,67.83007426585831,7.396337654624223,1.0341951416617727,40.48985614248625,24.857467313399425,34.65255453304433,Loam
Sirohi,2022.0,Rabi,2.168390473918221,20.671543362258536,42.866537997212596,7.396337654624223,1.0341951416617727,40.48985614248625,24.857467313399425,34.65255453304433,Loam
Sirohi,2022.0,Zaid,0.0085269360807701,31.863207967184465,27.961874128741755,7.396337654624223,1.0341951416617727,40.48985614248625,24.857467313399425,34.65255453304433,Loam
Sirohi,2023.0,Kharif,1055.8848811185087,26.968914378140788,71.33964833827355,7.396337654624223,1.0341951416617727,40.48985614248625,24.857467313399425,34.65255453304433,Loam
Sirohi,2023.0,Rabi,29.818076593112526,20.49681486201938,47.51011959606339,7.396337654624223,1.0341951416617727,40.48985614248625,24.857467313399425,34.65255453304433,Loam
Sirohi,2023.0,Zaid,19.906336670734223,28.99959783420696,36.90043582855798,7.396337654624223,1.0341951416617727,40.48985614248625,24.857467313399425,34.65255453304433,Loam
Sirohi,2024.0,Kharif,1407.3338236468626,27.984704241209734,69.96986564614619,7.396337654624223,1.0341951416617727,40.48985614248625,24.857467313399425,34.65255453304433,Loam
Sirohi,2024.0,Rabi,4.196966799559361,20.573007074854125,42.826669099695394,7.396337654624223,1.0341951416617727,40.48985614248625,24.857467313399425,34.65255453304433,Loam
Sirohi,2024.0,Zaid,3.0763644210335745,31.112989963916398,30.551333416391948,7.396337654624223,1.0341951416617727,40.48985614248625,24.857467313399425,34.65255453304433,Loam
Sirohi,2025.0,Kharif,1386.327909048636,26.5473140640597,72.88160644979993,7.396337654624223,1.0341951416617727,40.48985614248625,24.857467313399425,34.65255453304433,Loam
Sirohi,2025.0,Rabi,9.410890250953887,21.318460632068728,41.22109644644139,7.396337654624223,1.0341951416617727,40.48985614248625,24.857467313399425,34.65255453304433,Loam
Sirohi,2025.0,Zaid,39.41263201154564,31.12808399306426,35.392245745744134,7.396337654624223,1.0341951416617727,40.48985614248625,24.857467313399425,34.65255453304433,Loam
Sri Ganganagar,2021.0,Kharif,204.79230645765563,31.391854167920087,52.72525141885194,7.925312236058909,0.7232944493530641,53.05909954215294,24.47029006262448,22.47062579400709,Sandy Clay Loam
Sri Ganganagar,2021.0,Rabi,14.58047044261324,18.223145016077588,54.318723641137446,7.925312236058909,0.7232944493530641,53.05909954215294,24.47029006262448,22.47062579400709,Sandy Clay Loam
Sri Ganganagar,2021.0,Zaid,21.80341652653768,29.750374065467877,30.67757109806444,7.925312236058909,0.7232944493530641,53.05909954215294,24.47029006262448,22.47062579400709,Sandy Clay Loam
Sri Ganganagar,2022.0,Kharif,326.0927152319259,30.45889614929922,55.32453169648137,7.925312236058909,0.7232944493530641,53.05909954215294,24.47029006262448,22.47062579400709,Sandy Clay Loam
Sri Ganganagar,2022.0,Rabi,17.74076222858593,18.140985833031486,58.41698326025782,7.925312236058909,0.7232944493530641,53.05909954215294,24.47029006262448,22.47062579400709,Sandy Clay Loam
Sri Ganganagar,2022.0,Zaid,3.983488724081353,32.97197696253152,22.66927820561946,7.925312236058909,0.7232944493530641,53.05909954215294,24.47029006262448,22.47062579400709,Sandy Clay Loam
Sri Ganganagar,2023.0,Kharif,269.174433867793,31.076524301823362,54.54559329943544,7.925312236058909,0.7232944493530641,53.05909954215294,24.47029006262448,22.47062579400709,Sandy Clay Loam
Sri Ganganagar,2023.0,Rabi,24.691903815698893,18.01863072491091,58.810963184016785,7.925312236058909,0.7232944493530641,53.05909954215294,24.47029006262448,22.47062579400709,Sandy Clay Loam
Sri Ganganagar,2023.0,Zaid,46.03612684497281,28.625905028171157,36.89885838878203,7.925312236058909,0.7232944493530641,53.05909954215294,24.47029006262448,22.47062579400709,Sandy Clay Loam
Sri Ganganagar,2024.0,Kharif,329.31497010916974,32.45165547598371,51.463965482353274,7.925312236058909,0.7232944493530641,53.05909954215294,24.47029006262448,22.47062579400709,Sandy Clay Loam
Sri Ganganagar,2024.0,Rabi,21.378647697242275,17.50050497055146,58.275967227525804,7.925312236058909,0.7232944493530641,53.05909954215294,24.47029006262448,22.47062579400709,Sandy Clay Loam
Sri Ganganagar,2024.0,Zaid,11.83357936183941,30.809620069703872,28.8834915741986,7.925312236058909,0.7232944493530641,53.05909954215294,24.47029006262448,22.47062579400709,Sandy Clay Loam
Sri Ganganagar,2025.0,Kharif,374.5910775901214,30.68826851234124,56.19891084280781,7.925312236058909,0.7232944493530641,53.05909954215294,24.47029006262448,22.47062579400709,Sandy Clay Loam
Sri Ganganagar,2025.0,Rabi,20.412689886581866,18.300532839734252,49.91800772262545,7.925312236058909,0.7232944493530641,53.05909954215294,24.47029006262448,22.47062579400709,Sandy Clay Loam
Sri Ganganagar,2025.0,Zaid,9.44488322671462,32.62698494306146,27.916355392795367,7.925312236058909,0.7232944493530641,53.05909954215294,24.47029006262448,22.47062579400709,Sandy Clay Loam
Tonk,2021.0,Kharif,723.7389053407692,28.856952832919397,63.43749183271116,7.416020895154145,0.7846190095895532,44.09877632225127,23.46164727802784,32.43956502073543,Loam
Tonk,2021.0,Rabi,20.790870370416044,19.580788481598837,49.13344654548577,7.416020895154145,0.7846190095895532,44.09877632225127,23.46164727802784,32.43956502073543,Loam
Tonk,2021.0,Zaid,29.4170881491953,30.569378027282113,27.05474580746339,7.416020895154145,0.7846190095895532,44.09877632225127,23.46164727802784,32.43956502073543,Loam
Tonk,2022.0,Kharif,774.7656608278188,28.132080630618674,66.02109265637034,7.416020895154145,0.7846190095895532,44.09877632225127,23.46164727802784,32.43956502073543,Loam
Tonk,2022.0,Rabi,19.49922374821743,19.219982869822463,49.24385901827135,7.416020895154145,0.7846190095895532,44.09877632225127,23.46164727802784,32.43956502073543,Loam
Tonk,2022.0,Zaid,10.164220458183179,33.71944008083626,18.791944903016073,7.416020895154145,0.7846190095895532,44.09877632225127,23.46164727802784,32.43956502073543,Loam
Tonk,2023.0,Kharif,556.4991916037105,28.7746711943251,61.92649048766016,7.416020895154145,0.7846190095895532,44.09877632225127,23.46164727802784,32.43956502073543,Loam
Tonk,2023.0,Rabi,31.43558460554831,19.503007434604392,52.879085025796215,7.416020895154145,0.7846190095895532,44.09877632225127,23.46164727802784,32.43956502073543,Loam
Tonk,2023.0,Zaid,49.965661365944285,29.750269725783795,30.300629613880638,7.416020895154145,0.7846190095895532,44.09877632225127,23.46164727802784,32.43956502073543,Loam
Tonk,2024.0,Kharif,1057.9581546501918,29.09541861725205,66.9989798452056,7.416020895154145,0.7846190095895532,44.09877632225127,23.46164727802784,32.43956502073543,Loam
Tonk,2024.0,Rabi,5.840001472616636,19.11056069006213,51.29836895683472,7.416020895154145,0.7846190095895532,44.09877632225127,23.46164727802784,32.43956502073543,Loam
Tonk,2024.0,Zaid,7.083696225191948,32.612826279110536,21.872949981677817,7.416020895154145,0.7846190095895532,44.09877632225127,23.46164727802784,32.43956502073543,Loam
Tonk,2025.0,Kharif,1040.0625250376145,27.59121694313735,70.36016486984633,7.416020895154145,0.7846190095895532,44.09877632225127,23.46164727802784,32.43956502073543,Loam
Tonk,2025.0,Rabi,18.425114562772873,19.331197898861184,51.38046624868267,7.416020895154145,0.7846190095895532,44.09877632225127,23.46164727802784,32.43956502073543,Loam
Tonk,2025.0,Zaid,15.777203161780797,32.36575837291861,27.744082182714116,7.416020895154145,0.7846190095895532,44.09877632225127,23.46164727802784,32.43956502073543,Loam
Udaipur,2021.0,Kharif,835.9497962272933,26.133529453833763,74.05269917669482,7.314971634484445,1.138689408865304,35.75171522385539,32.28990248750083,31.95832912715174,Clay Loam
Udaipur,2021.0,Rabi,14.021326809941863,20.31222441983278,46.59989326870207,7.314971634484445,1.138689408865304,35.75171522385539,32.28990248750083,31.95832912715174,Clay Loam
Udaipur,2021.0,Zaid,32.37744227226202,29.46429859590941,32.10241113607924,7.314971634484445,1.138689408865304,35.75171522385539,32.28990248750083,31.95832912715174,Clay Loam
Udaipur,2022.0,Kharif,1148.4419789490348,26.421865004665257,69.01514432254314,7.314971634484445,1.138689408865304,35.75171522385539,32.28990248750083,31.95832912715174,Clay Loam
Udaipur,2022.0,Rabi,0.8656236751575356,20.326684541821045,44.08802028064953,7.314971634484445,1.138689408865304,35.75171522385539,32.28990248750083,31.95832912715174,Clay Loam
Udaipur,2022.0,Zaid,0.23061940652104018,31.80503304370644,25.401509286466528,7.314971634484445,1.138689408865304,35.75171522385539,32.28990248750083,31.95832912715174,Clay Loam
Udaipur,2023.0,Kharif,972.4660694967835,26.280501480394623,72.19279173965285,7.314971634484445,1.138689408865304,35.75171522385539,32.28990248750083,31.95832912715174,Clay Loam
Udaipur,2023.0,Rabi,35.54570370179836,20.058966554988935,49.61119019307879,7.314971634484445,1.138689408865304,35.75171522385539,32.28990248750083,31.95832912715174,Clay Loam
Udaipur,2023.0,Zaid,22.444177896729936,28.674102279570405,35.18472741698203,7.314971634484445,1.138689408865304,35.75171522385539,32.28990248750083,31.95832912715174,Clay Loam
Udaipur,2024.0,Kharif,1048.1149312347088,26.931126929819026,73.31499468741698,7.314971634484445,1.138689408865304,35.75171522385539,32.28990248750083,31.95832912715174,Clay Loam
Udaipur,2024.0,Rabi,1.9696371997085442,20.29921584851892,45.743161304765515,7.314971634484445,1.138689408865304,35.75171522385539,32.28990248750083,31.95832912715174,Clay Loam
Udaipur,2024.0,Zaid,5.366939663878114,30.977002202635575,29.096506408010445,7.314971634484445,1.138689408865304,35.75171522385539,32.28990248750083,31.95832912715174,Clay Loam
Udaipur,2025.0,Kharif,1154.603075659355,25.77116984069397,75.03019740533092,7.314971634484445,1.138689408865304,35.75171522385539,32.28990248750083,31.95832912715174,Clay Loam
Udaipur,2025.0,Rabi,7.156977056997906,20.543256230719795,44.862336509044724,7.314971634484445,1.138689408865304,35.75171522385539,32.28990248750083,31.95832912715174,Clay Loam
Udaipur,2025.0,Zaid,63.869952515295246,30.461173625000438,36.850151352320125,7.314971634484445,1.138689408865304,35.75171522385539,32.28990248750083,31.95832912715174,Clay Loam
